Keyword,Frequency
UTILIZATION,1455
TRUISM,737
PACING,578
REFRAMING,558
AND,464
SUGGESTION,428
DISSOCIATION,318
PRESUPPOSITION,316
INDIRECT,265
VALIDATION,245
DIRECT,239
UNCONSCIOUS,207
BIND,194
INQUIRY,190
METAPHOR,184
DOUBLE,177
CHALLENGE,156
PERMISSIVE,149
SET,142
YES,128
OF,123
CONFUSION,120
QUESTION,107
REFRAME,107
INTERROGATIVE,104
STRATEGIC,102
CONSCIOUS,100
PARADOXICAL,98
OBSERVATION,97
IDEOMOTOR,94
FUTURE,91
INDUCTION,90
RESISTANCE,87
AMNESIA,85
ANALOGY,85
SENSORY,83
TAG,83
TIME,77
LEADING,73
NEGATIVE,71
REINFORCEMENT,71
PROCESS,70
REGRESSION,67
ANECDOTE,66
DIRECTIVE,65
PATTERN,63
MINIMAL,62
PARADOX,61
DISTORTION,61
TEMPORAL,59
RATIFICATION,55
CHOICE,55
AUTHORITY,55
SHOCK,54
TRANCE,54
POST,53
FOCUS,52
COMMAND,52
HYPNOTIC,51
AUTONOMY,51
AMBIGUITY,49
OBSERVATIONAL,48
AGE,46
OPEN,44
DISSOCIATIVE,43
RAPPORT,41
SHIFT,41
INTERRUPT,39
ATTENTION,39
NORMALIZATION,37
LEARNING,37
INTERVENTION,37
CONTRAST,36
INTERRUPTION,34
META,34
ANCHORING,33
STRATEGY,32
REORIENTATION,32
PHYSIOLOGICAL,31
TECHNIQUE,31
LOGIC,31
POSTHYPNOTIC,31
ILLUSION,30
CUE,28
RHETORICAL,28
FRAME,28
MODELING,28
SEARCH,27
ENCOURAGER,27
PROBE,26
ELICITATION,26
DISPLACEMENT,26
TRANSITION,25
DISTRACTION,25
AWARENESS,24
ANCHOR,24
CONFRONTATION,24
PROVOCATION,24
ORDEAL,24
LOGICAL,24
BYPASS,24
LINGUISTIC,23
ASSOCIATION,22
BRIDGE,22
INTERNAL,22
REPETITION,22
REDIRECTION,22
REALITY,21
TASK,21
BOUNDARY,21
COMPLIANCE,20
EXPECTANCY,20
REDEFINITION,20
THERAPEUTIC,20
LINKING,20
ANALYSIS,20
CATALEPSY,19
IMPLICATION,19
ORIENTATION,19
GENERALIZATION,19
EMPOWERMENT,19
ANECDOTAL,19
DISTINCTION,18
PRINCIPLE,18
INTEGRATION,18
IGNORANCE,18
RESOURCE,17
DOUBT,17
HALLUCINATION,17
HUMOR,17
TASKING,17
DEFINITION,17
FRAMING,17
COMMUNICATION,17
PROMPT,16
SPECIFICITY,16
CALIBRATION,16
SUBJECTIVE,16
CONTROL,16
EXPERIENCE,16
NARRATIVE,16
CLINICAL,16
CONTINGENT,16
MINIMALISM,15
SYMBOLIC,15
LIMITATION,15
AFFIRMATION,15
PRECISION,14
REVIVIFICATION,14
CLARIFICATION,14
DEEPENING,14
WITH,14
FIXATION,14
CASE,14
FEEDBACK,14
ENDED,14
SELECTIVE,14
ACCEPTANCE,14
TEST,14
CONFIRMATION,14
LINKAGE,13
UNCERTAINTY,13
THROUGH,13
ROLE,13
SETTING,13
PRESCRIPTION,13
INTENTION,13
EXPECTATION,13
AWAKENING,12
PROGRESSION,12
PERMISSION,12
NEGATION,12
SURPRISE,12
POSSIBILITY,12
SIGNALING,12
FRACTIONATION,12
EXPLANATION,12
MIRRORING,12
TDS,11
PROJECTION,11
SEEDING,11
MINIMALIST,11
VULNERABILITY,11
THERAPY,11
SOCIAL,11
NONVERBAL,11
SPECIFIC,11
COMPOUND,11
SYMPTOM,11
STATE,10
PROTECTION,10
MINIMIZATION,10
EXTERNALIZATION,10
PERCEPTION,10
CASUAL,10
IDENTITY,10
INSTRUCTION,10
TRUST,10
DIRECTING,9
VISUAL,9
CURIOSITY,9
NOT,9
KNOWING,9
PRAGMATIC,9
SPATIAL,9
AUTHORITATIVE,9
SYSTEMIC,9
DYNAMICS,9
SELF,9
NOMINALIZATION,9
NON,9
PUN,8
GROUNDING,8
PROBING,8
PROVOCATIVE,8
PRIMING,8
NATURALISTIC,8
STORYTELLING,8
DISCLOSURE,8
ASSOCIATIVE,8
BUILDING,8
POSITIONING,8
CONDITIONING,8
REASSURANCE,8
INSIGHT,8
REVERSE,8
CHANGE,8
DEPOTENTIATION,8
CERTAINTY,7
RECALL,7
CONGRUENCE,7
TRANSDERIVATIONAL,7
EXPERIENTIAL,7
COGNITIVE,7
QUERY,7
EVOCATION,7
METAPHORICAL,7
REVERSAL,7
DEVELOPMENTAL,7
ASSERTION,7
BEHAVIORAL,7
EXPANSION,7
PHYSICAL,7
INTERPERSONAL,7
POSITIVE,7
REPETITIVE,7
INEVITABILITY,7
RESTRUCTURING,7
BY,6
REDUCTION,6
CHECK,6
ENGAGEMENT,6
TERMINATION,6
PRESENT,6
CLOSURE,6
MEMORY,6
LEAD,6
CRITIQUE,6
LABELING,6
TRANSFORMATION,6
RESPONSIBILITY,6
PREDICTION,6
EMOTIONAL,6
ACTION,6
AMBIGUOUS,6
VAGUE,6
PAST,6
ABSURDITY,6
PERMISSIVENESS,6
LEVEL,6
INDIVIDUALITY,6
DIFFERENTIATION,6
IMPLIED,6
ALLIANCE,6
INCREMENTAL,6
DEMONSTRATION,5
PRESUPPOSITIONAL,5
REINDUCTION,5
CONTRADICTION,5
PLAYFUL,5
LOCUS,5
AMPLIFICATION,5
DOUBLEBIND,5
FACILITATION,5
SAFETY,5
INJUNCTION,5
FACTUAL,5
PERSPECTIVE,5
COMMENTARY,5
COMPETENCE,5
FAILURE,5
RHYTHMIC,5
RESPONSE,5
DIAGNOSIS,5
INDIVIDUALIZATION,5
VAGUENESS,5
HISTORY,5
RECIPROCITY,5
FLEXIBILITY,5
DISRUPTION,5
ACUITY,5
TEACHING,5
INFLUENCE,5
TRANSFER,5
PACE,5
INTERPRETATION,5
RETRIEVAL,5
AGREEMENT,5
POSSIBILITIES,5
PSYCHOLOGY,5
FRAMEWORK,5
UNIVERSAL,5
LEVITATION,5
TIMING,5
QUESTIONS,5
COUNTDOWN,5
QUESTIONING,5
SUBSTITUTION,5
HUMILITY,5
MOTOR,5
OPPONENT,5
TO,5
PSYCHOLOGICAL,5
MARKING,5
OPPOSITES,5
ASSESSMENT,4
WISDOM,4
COMMITMENT,4
COUNTING,4
OVERLOAD,4
SIMPLICITY,4
CHALLENGING,4
CONFRONTATIONAL,4
RATIONALIZATION,4
REDUCTIO,4
OWNERSHIP,4
RECOGNITION,4
SOMATIC,4
MUTUAL,4
PROGRESSIVE,4
LIMIT,4
CONSTRAINT,4
NECESSITY,4
PRAGMATISM,4
DELEGATION,4
PATIENT,4
CONTINUITY,4
RELAXATION,4
PSEUDO,4
SCIENTIFIC,4
GOAL,4
COVERING,4
IMPLICIT,4
PHYSIOLOGY,4
AFFECT,4
MOTIVATION,4
MULTI,4
INTERNALIZATION,4
CUES,4
PREP,4
HAND,4
INTERSPERSAL,4
AGENCY,4
PROFESSIONAL,4
RATIONALE,4
LOOP,4
TRY,4
PROTECTIVE,4
APPOSITION,4
CONSTRAINTS,3
YESSET,3
EARLY,3
FOR,3
ANESTHESIA,3
BELIEF,3
ASSIGNMENT,3
STORY,3
EPISTEMOLOGICAL,3
ECHOING,3
ACCESS,3
SOFT,3
SOURCE,3
CONSCIOUSNESS,3
SATURATION,3
REFUSAL,3
SIMPLE,3
NATURAL,3
REDIRECT,3
HUMOROUS,3
MIND,3
TESTING,3
DISTANCING,3
INTENSIFICATION,3
PREPARATION,3
REALISM,3
PIVOT,3
CONTRACT,3
MOMENTUM,3
EFFICIENCY,3
APPROXIMATION,3
REFERENCE,3
ANTICIPATION,3
CULTURAL,3
DEMO,3
PLAY,3
INTERRUPTED,3
BODY,3
LANGUAGE,3
DISCOVERY,3
CAUSE,3
EFFECT,3
CONDITIONAL,3
MULTILEVEL,3
VICARIOUS,3
TACTILE,3
BREAKING,3
EMBEDDED,3
REASSOCIATION,3
AS,3
THIRD,3
PROOF,3
VERBAL,3
ALL,3
EXTERNAL,3
QUOTATION,3
EXCLUSION,3
INTENSE,3
TRIGGER,3
NEGOTIATION,3
OBSERVER,3
IDENTIFICATION,3
RAPID,3
SETS,3
ANALOG,3
LITERALISM,3
VISUALIZATION,3
INHIBITION,3
PREMISE,3
REFLECTION,3
INTEGRATIVE,3
DETAIL,3
ILLUSTRATION,3
BYPASSING,3
STUDY,3
SYMBOLISM,3
TRANSFERENCE,3
CAUTION,3
CAPABILITY,2
SUBTLE,2
ESTABLISHING,2
TERMINOLOGY,2
ENVIRONMENTAL,2
REFERRAL,2
MOMENT,2
AD,2
ABSURDUM,2
CONTEXT,2
BOUNDARIES,2
PUZZLEMENT,2
TRANSITIONAL,2
DELAY,2
COOPERATION,2
SEPARATION,2
LINGUISTICS,2
SEQUENCE,2
EMPHASIS,2
LITERAL,2
WORDPLAY,2
READING,2
SEMANTIC,2
LINK,2
INTERPOSITION,2
MODAL,2
SOFTENED,2
MARKER,2
RESOLUTION,2
PARALLEL,2
RITUAL,2
DECONSTRUCTION,2
FOLLOWUP,2
GROWTH,2
REFINEMENT,2
MAPPING,2
PREDICATE,2
VOICE,2
KNOWLEDGE,2
PERSONAL,2
INFLECTION,2
TALE,2
POLARITY,2
INDIVIDUAL,2
TENSE,2
POTENTIAL,2
CONNECTION,2
BREAK,2
MORAL,2
QUANTITY,2
RESOURCES,2
PERHAPS,2
DIVERSION,2
COMPARATIVE,2
EYE,2
DISCREPANCY,2
RESILIENCE,2
CUEING,2
SPLIT,2
DIRECTION,2
HESITATION,2
IDEOSENSORY,2
AUTOMATICITY,2
THREAT,2
SEQUENCING,2
PARTY,2
WRITING,2
LABEL,2
DEFENSE,2
CAUSALITY,2
ATTRIBUTION,2
AUTOBIOGRAPHICAL,2
AUTOHYPNOTIC,2
SEGMENTALIZATION,2
SHIFTER,2
STRUCTURED,2
COLLABORATIVE,2
RHYME,2
ESTABLISHMENT,2
RHYTHM,2
MODIFICATION,2
PAIN,2
INVITATION,2
LOCATING,2
PAUSE,2
PURPOSE,2
COMPETITION,2
TWO,2
MEANING,2
RELATIONAL,2
ALIGNMENT,2
DIRECTNESS,2
LOCALIZATION,2
TRANS,2
INTENSITY,2
AVOIDANCE,2
INVOLUNTARY,2
GUIDANCE,2
PRESERVATION,2
CONTINGENCY,2
BALANCING,2
DEPTH,2
FRAGMENTATION,2
DETACHMENT,2
NARROWING,2
DETACHED,2
MULTIPLE,2
INTERPOLATION,2
FREEDOM,2
CONTEXTUAL,2
PHS,2
FATIGUE,2
CONJUNCTION,2
STATEMENT,2
DESCRIPTION,2
WAKING,2
EGO,2
RELIANCE,2
PERCEPTUAL,2
SCALING,2
PARALLELISM,2
SHARED,2
APPROACH,2
GRADUALISM,2
GUIDED,2
IMAGERY,2
RECOVERY,2
RELATIONSHIP,2
OBLIGATION,2
SUCCESS,2
SUBJECTIVITY,2
HABIT,2
DOMINANCE,2
DISMISSAL,2
SAFE,2
IDEODYNAMIC,2
BLANKETING,2
CATEGORIZATION,2
DISARMING,2
REDUCTIONISM,2
RECASTING,2
PRES,2
GAZE,1
KIN,1
CONSTRUCTION,1
REVELATION,1
DISORIENTATION,1
INTERIOR,1
ACCOUNTABILITY,1
CREATIVE,1
RE,1
CONSPIRATORIAL,1
DISSONANCE,1
DATA,1
INTERPOSING,1
ARRANGEMENT,1
CHILDHOOD,1
COMFORT,1
MODERNIZATION,1
NET,1
VALUES,1
DIVERSITY,1
PUNISHMENT,1
UTILITARIANISM,1
DEFLECTION,1
QUOTING,1
TRIVIALITY,1
GEOGRAPHIC,1
ANOMALY,1
TEASE,1
PHONOLOGICAL,1
MIX,1
DEEP,1
SURROGATE,1
REMOTE,1
STRUCTURING,1
IDEATION,1
SYMPATHETIC,1
CONSEQUENCE,1
HYPOTHETICAL,1
PREDICTABILITY,1
DIRECTED,1
LEVERAGE,1
NEUTRALIZATION,1
FACT,1
FUNCTIONAL,1
AUTHORITARIAN,1
DECODING,1
MILITARY,1
REPRIEVE,1
PRECONDITION,1
TRIANGULATION,1
CHAIN,1
EXPERIMENTATION,1
ACTIVATION,1
HYPOPHORA,1
TOUCH,1
PROXIMITY,1
OCCUPATION,1
ELONGATION,1
PERMISSIBLE,1
LIMITING,1
ORIENTING,1
RETROSPECTIVE,1
SUCCESSIVE,1
JUXTAPOSITION,1
SUBVERSION,1
BIO,1
APPROVAL,1
SYNCHRONY,1
TONE,1
OVER,1
CONTENT,1
WEATHER,1
SPACE,1
GRADUAL,1
INCONSISTENCY,1
STANCE,1
OUTCOME,1
EMPATHIC,1
RESTRICTION,1
ASSUMPTIONS,1
PEDAGOGY,1
NEGATIONAL,1
TAUTOLOGICAL,1
INTENSIFIER,1
PREDICTIVE,1
COUNTER,1
INTEREST,1
VS,1
HANDSHAKE,1
ELLIPSIS,1
ARM,1
LIFT,1
MAINTENANCE,1
EXPLORATORY,1
PING,1
PONG,1
PHRASES,1
WAITING,1
MECHANISM,1
DISGUISED,1
PARTIAL,1
PARENTHESIS,1
REACTION,1
EASE,1
VALIDITY,1
LIMINAL,1
ASSUMPTIVE,1
MULTIPLICITY,1
REALIGNMENT,1
IDIOMATIC,1
TOOL,1
VALUE,1
THRESHOLD,1
CONDITIONED,1
CONCLUSION,1
AUTOMATIC,1
EFFORT,1
MANAGEMENT,1
DEMYSTIFICATION,1
PRESTIGE,1
CAUSAL,1
PHENOMENOLOGY,1
ABSORPTION,1
ENVIRONMENT,1
DISASSOCIATION,1
BOREDOM,1
EFFORTLESSNESS,1
LEGACY,1
SETUP,1
PANTOMIME,1
VOID,1
SIMPLIFICATION,1
REFR,1
IRON,1
MINDREADING,1
REHEARSAL,1
DECOMPOSITION,1
CONVICTION,1
ATTUNEMENT,1
ATTACHMENT,1
ERROR,1
FORGETTING,1
ORIENT,1
SELECTION,1
INCONGRUENCE,1
FAIRNESS,1
EXTREME,1
AROUSAL,1
SEQUENTIAL,1
CONFIDENCE,1
PRE,1
HABITUATION,1
INTERFERENCE,1
DISSOCIATED,1
INCREMENTALISM,1
POSTPONEMENT,1
REINFORCING,1
INTELLECTUAL,1
ADDRESS,1
CHILD,1
STABILITY,1
CAPACITY,1
ANALGESIA,1
SHIFTING,1
PROXY,1
SUGGESTIVE,1
DUALITY,1
TONALITY,1
ENTENDRE,1
INCUBATION,1
SUBTLETY,1
DISCLAIMER,1
PLURAL,1
IMPROVISATION,1
ADDRESSING,1
AUDIENCE,1
SUPPOSITION,1
BRIDGING,1
METADATA,1
NATURALISM,1
PREFERENCE,1
ALLUSION,1
DOUBLETALK,1
SUPPOSE,1
SEEKING,1
COMPLEX,1
EQUIVALENCE,1
INCLUSION,1
SENSATION,1
CRITICAL,1
FACULTY,1
COLLOQUIALISM,1
ISOMORPHISM,1
FILTER,1
HYPERMNESIA,1
PSYCHOGENIC,1
ANATOMICAL,1
AWAKENESS,1
FRACTIONAL,1
REMOVAL,1
SAFEGUARD,1
INDIVIDUATION,1
FLOODING,1
FOLK,1
PROHIBITION,1
MASTERY,1
SENSING,1
ANALOGICAL,1
ENCOURAGEMENT,1
VIVIDNESS,1
PUZZLE,1
DUALISM,1
RESPECT,1
SYNCHRONIZATION,1
INABILITY,1
PRESENCE,1
INFORMALITY,1
ABUNDANCE,1
PROPORTIONAL,1
IRREVERSIBILITY,1
PARA,1
CONSENT,1
AUTOMATISM,1
EVIDENCE,1
COMPARTMENTALIZATION,1
UNIVERSALITY,1
CHAINING,1
STRUCTURE,1
BUFFER,1
INTERPOLATED,1
CONSTRUCTED,1
TRANSPORT,1
SUPERIORITY,1
VERIFIABILITY,1
ILLUSORY,1
DOING,1
TEMPORARY,1
QUALIFICATION,1
RECIPROCAL,1
REPRESENTATION,1
INNER,1
RECONSTRUCTION,1
POTENCY,1
LOADING,1
REIFICATION,1
AUDITORY,1
CONJUNCTIVE,1
GENERAL,1
PROCEDURAL,1
CONTRASTIVE,1
CATALEPTIC,1
CONSTRAINED,1
INTERLOCKING,1
EDUCATION,1
INDIVIDUALIZED,1
ADJECTIVE,1
COUPLING,1
RECAPITULATION,1
CHARACTER,1
ESTIMATION,1
MONITORING,1
INTERROGATION,1
DYNAMIC,1
OSCILLATION,1
DEPATTERNING,1
MENTAL,1
FLUX,1
PROGRESS,1
MECHANICS,1
RELATIVITY,1
ELABORATION,1
INTERPRETIVE,1
VAK,1
INTER,1
RECOLLECTION,1
IMR,1
IF,1
THEN,1
DEFINITIONAL,1
PRESCRIBING,1
ANTI,1
REFLECTIVE,1
PERSON,1
STRUGGLE,1
PROJECTIVE,1
RECURSIVE,1
HIDDEN,1
INTERCONNECTION,1
INTERDEPENDENCY,1
RELEVANCE,1
SEGMENTED,1
SYMMETRY,1
YET,1
HUMANIZING,1
GROUP,1
SATIATION,1
SCENARIO,1
MONOLOGUE,1
MISDIRECTION,1
NUMERIC,1
LABOR,1
CENTERED,1
POWER,1
INNATENESS,1
GESTURE,1
MY,1
FRIEND,1
JOHN,1
INCOMPETENCE,1
SPECIFICATION,1
INSTRUCTIONAL,1
DIALECTICAL,1
STRUCTURAL,1
AMBIVALENCE,1
CREDIT,1
COINCIDENCE,1
BIOLOGICAL,1
DIFFERENCE,1
PERSISTENCE,1
ASYMMETRIC,1
CONCRETE,1
TRAINING,1
SCRAMBLING,1
ALTERNATIVE,1
TRAP,1
MANIPULATION,1
MEDICAL,1
HIGH,1
STAKES,1
ECONOMY,1
STAGING,1
VACUUM,1
TRANSFORMATIONAL,1
CONFIDENTIALITY,1
CLICHE,1
INTEGRITY,1
DESIRE,1
RIGID,1
PRESSURE,1
COMPULSIVE,1
VIVID,1
CONTAINMENT,1
ANCILLARY,1
INTELLECTUALIZATION,1
INTUITION,1
WRONGS,1
GEOMETRICAL,1
CONDITION,1
PRACTICE,1
COLLOQUIAL,1
COMPLIMENT,1
MYSTERY,1
TREATMENT,1
ISOMORPHIC,1
GAME,1
IMAGE,1
OBJECTIVE,1
WITHHOLD,1
PHONETIC,1
EXISTENTIAL,1
ARITHMETICAL,1
VOLUNTARY,1
ARITHMETIC,1
UNKNOWN,1
UNDERSTANDING,1
DIAGNOSTIC,1
HEURISTIC,1
OMNIPOTENCE,1
ABRUPT,1
IRRELEVANT,1
AVAILABILITY,1
REALIZATION,1
ABSENT,1
MINDEDNESS,1
TRANSPARENCY,1
NUDGE,1
BREAKTHROUGH,1
INCORRECTNESS,1
DEPERSONALIZATION,1
GATHERING,1
IMMEDIACY,1
ATTENTIONAL,1
QUANTIFIER,1
DENOMINALIZATION,1
RIDDLE,1
CORRECTION,1
HOLISM,1
REDUCING,1
TRIVIAL,1
CREDENTIALING,1
UNSPOKEN,1
SOFTENING,1
FOUNDATION,1
METHODOLOGY,1
PHENOMENA,1
DEAFNESS,1
REGRET,1
PRIVACY,1
TRANSITIVE,1
SYLLOGISM,1
ETHICAL,1
DE,1
MYSTIFICATION,1
THEORETICAL,1
REFUTATION,1
REJECTION,1
OPENNESS,1
DREAM,1
STIGMA,1
SCAPEGOAT,1
COLLABORATION,1
KINESTHETIC,1
QUANTIFICATION,1
GRADATION,1
DEINDUCTION,1
AUTOHYPNOSIS,1
SPIRAL,1
PERSONIFICATION,1
PRAISE,1
PATIENCE,1
FOCAL,1
ORDINARY,1
CONCRETIZATION,1
RELOCATION,1
EXPOSURE,1
DESTABILIZATION,1
COMPARISON,1
REINTEGRATION,1
MUNDANE,1
REFLECT,1
STATEBOUND,1
